{
  "epochs": [
    1,
    2,
    3,
    4,
    5,
    6,
    7,
    8,
    9,
    10,
    11,
    12,
    13,
    14,
    15,
    16,
    17,
    18,
    19,
    20,
    21,
    22,
    23,
    24,
    25,
    26,
    27,
    28,
    29,
    30,
    31,
    32,
    33,
    34,
    35,
    36,
    37,
    38,
    39,
    40,
    41,
    42,
    43,
    44,
    45,
    46,
    47,
    48,
    49,
    50,
    51,
    52,
    53,
    54,
    55,
    56,
    57,
    58,
    59,
    60,
    61,
    62,
    63
  ],
  "train_loss": [
    37.33580438714279,
    34.640781804134974,
    30.095661966424238,
    23.628487637168483,
    18.18194213666414,
    15.645687906365646,
    13.133172737924676,
    11.756753770928634,
    10.730771014564915,
    10.431100493983218,
    9.822335544385409,
    9.78589728004054,
    9.69385199797781,
    9.702330488907663,
    9.49857275109542,
    9.459599796094393,
    9.406785086581582,
    9.451911273755526,
    9.116146388806795,
    9.058240589342619,
    9.154352137916966,
    8.955016763586746,
    8.8364368739881,
    8.672461133254203,
    8.779248513673481,
    8.688859864285117,
    8.871360126294588,
    8.782886730997186,
    8.76871088931435,
    8.618444392555638,
    8.626588771217747,
    8.612690574244448,
    8.465972674520392,
    8.602501517847964,
    8.415186078924881,
    8.26152021006534,
    8.479108057524028,
    8.282965358934904,
    8.48317309429771,
    8.335636013432554,
    8.191399097442627,
    8.28162838283338,
    8.137887753938374,
    8.275701974567614,
    8.369060064616956,
    8.194048329403525,
    8.289494062724867,
    8.166892327760396,
    8.11107914071334,
    8.110680454655698,
    7.950550455796091,
    8.18239046397962,
    7.893308263075979,
    8.149700265181693,
    8.06532116940147,
    8.092856055811831,
    8.057240636725174,
    8.036352383463006,
    7.847125254179302,
    7.956881523132324,
    7.7945121714943335,
    7.879196443055806,
    7.921157987494218
  ],
  "val_loss": [
    52.47229894002279,
    48.7623545328776,
    43.01546732584635,
    35.080772399902344,
    26.908519109090168,
    23.535642623901367,
    18.60370858510335,
    16.057722727457683,
    15.191664377848307,
    14.448290824890137,
    14.35530916849772,
    13.7314453125,
    13.73056729634603,
    13.242219607035318,
    13.030104319254557,
    12.981918017069498,
    12.710981369018555,
    12.807254473368326,
    13.08491071065267,
    13.12588914235433,
    12.885749816894531,
    12.950923283894857,
    12.443429629007975,
    12.916677157084147,
    12.972684542338053,
    12.443442344665527,
    13.111355781555176,
    13.206498146057129,
    12.93472417195638,
    12.525396982828775,
    12.92300287882487,
    13.278315862019857,
    13.159211794535318,
    13.297364552815756,
    14.332412083943685,
    13.889945348103842,
    12.88032054901123,
    13.063485781351725,
    13.689318339029947,
    13.722175598144531,
    13.261953671773275,
    14.022201538085938,
    12.969842910766602,
    13.736157417297363,
    13.166746139526367,
    13.029725710550943,
    12.901081720987955,
    14.353642463684082,
    13.557342211405436,
    13.931440035502115,
    13.142191251118978,
    13.584076881408691,
    13.905280113220215,
    13.452566146850586,
    14.296625773111979,
    13.821150143941244,
    13.355201721191406,
    13.746861457824707,
    13.858220100402832,
    13.319708824157715,
    14.140240351359049,
    13.524980862935385,
    14.163904825846354
  ],
  "learning_rate": [
    0.001,
    0.0009999726120980734,
    0.0009998904513956854,
    0.0009997535269026829,
    0.0009995618536343797,
    0.0009993154526099096,
    0.0009990143508499217,
    0.0009986585813736167,
    0.0009982481831951274,
    0.0009977832013192385,
    0.0009972636867364526,
    0.0009966896964173982,
    0.000996061293306582,
    0.0009953785463154864,
    0.0009946415303150131,
    0.0009938503261272718,
    0.0009930050205167178,
    0.0009921057061806368,
    0.0009911524817389807,
    0.0009901454517235507,
    0.0009890847265665364,
    0.0009879704225884047,
    0.000986802661985144,
    0.0009855815728148636,
    0.0009843072889837517,
    0.00098297995023139,
    0.0009815997021154308,
    0.0009801666959956335,
    0.000978681089017268,
    0.0009771430440938809,
    0.0009755527298894299,
    0.0009739103207997887,
    0.0009722159969336225,
    0.0009704699440926363,
    0.0009686723537512004,
    0.0009668234230353527,
    0.0009649233547011821,
    0.000962972357112593,
    0.0009609706442184566,
    0.0009589184355291491,
    0.0009568159560924797,
    0.0009546634364690113,
    0.0009524611127067773,
    0.0009502092263153963,
    0.0009479080242395872,
    0.0009455577588320901,
    0.0009431586878259921,
    0.0009407110743064639,
    0.0009382151866819102,
    0.0009356712986545351,
    0.0009330796891903276,
    0.0009304406424884703,
    0.0009277544479501735,
    0.000925021400146939,
    0.000922241798788257,
    0.0009194159486887398,
    0.0009165441597346951,
    0.000913626746850144,
    0.0009106640299622855,
    0.0009076563339664131,
    0.0009046039886902866,
    0.000901507328857962,
    0.0008983666940530862
  ],
  "best_epoch": 23,
  "best_val_loss": 12.443429629007975
}